站點名稱,連結
蘆洲總站,stop.jsp?sid=36021
王爺廟口,stop.jsp?sid=36022
空中大學(中正路),stop.jsp?sid=36023
中原公寓,stop.jsp?sid=36024
蘆洲國小,stop.jsp?sid=36025
蘆洲監理站,stop.jsp?sid=36026
蘆洲派出所,stop.jsp?sid=36027
溪墘,stop.jsp?sid=36028
捷運徐匯中學站,stop.jsp?sid=36029
徐匯中學,stop.jsp?sid=36030
幸福市場,stop.jsp?sid=36031
建和新村,stop.jsp?sid=36032
捷運三和國中站,stop.jsp?sid=129828
三和國中,stop.jsp?sid=36033
格致中學(三和路),stop.jsp?sid=36034
厚德派出所,stop.jsp?sid=36036
德林寺(三和路),stop.jsp?sid=36038
龍門路口,stop.jsp?sid=36039
三安里,stop.jsp?sid=36040
長壽西街口,stop.jsp?sid=36041
長元西街口,stop.jsp?sid=36042
正義重新路口,stop.jsp?sid=36043
天台廣場,stop.jsp?sid=36044
大同路口,stop.jsp?sid=36045
中山藝術公園,stop.jsp?sid=36046
捷運菜寮站,stop.jsp?sid=218023
過圳街,stop.jsp?sid=36047
三重區公所(過圳街),stop.jsp?sid=36048
三重稅捐分處,stop.jsp?sid=36049
菜寮(重陽路),stop.jsp?sid=36050
集美國小,stop.jsp?sid=36051
三重國民運動中心,stop.jsp?sid=36052
三重中學,stop.jsp?sid=36053
重安街口,stop.jsp?sid=36054
臺北車站(忠孝),stop.jsp?sid=36055
捷運善導寺站,stop.jsp?sid=36056
華山文創園區,stop.jsp?sid=36057
忠孝國小,stop.jsp?sid=36058
臺北科技大學(忠孝),stop.jsp?sid=36059
正義郵局,stop.jsp?sid=36060
懷生國中,stop.jsp?sid=36061
頂好市場,stop.jsp?sid=36063
捷運忠孝敦化站,stop.jsp?sid=36064
阿波羅大廈,stop.jsp?sid=36065
交通部觀光署,stop.jsp?sid=36066
捷運國父紀念館站(忠孝),stop.jsp?sid=36067
聯合報,stop.jsp?sid=36068
捷運市政府站,stop.jsp?sid=36069
市立工農,stop.jsp?sid=36070
捷運永春站(忠孝),stop.jsp?sid=36071
捷運永春站(松山),stop.jsp?sid=36072
雙永國小,stop.jsp?sid=36073
永吉松山路口,stop.jsp?sid=36074
松山車站(松山),stop.jsp?sid=36075
蘆洲總站,stop.jsp?sid=36021
王爺廟口,stop.jsp?sid=36022
空中大學(中正路),stop.jsp?sid=36023
中原公寓,stop.jsp?sid=36024
蘆洲國小,stop.jsp?sid=36025
蘆洲監理站,stop.jsp?sid=36026
蘆洲派出所,stop.jsp?sid=36027
溪墘,stop.jsp?sid=36028
捷運徐匯中學站,stop.jsp?sid=36029
徐匯中學,stop.jsp?sid=36030
幸福市場,stop.jsp?sid=36031
建和新村,stop.jsp?sid=36032
捷運三和國中站,stop.jsp?sid=129828
三和國中,stop.jsp?sid=36033
格致中學(三和路),stop.jsp?sid=36034
厚德派出所,stop.jsp?sid=36036
德林寺(三和路),stop.jsp?sid=36038
龍門路口,stop.jsp?sid=36039
三安里,stop.jsp?sid=36040
長壽西街口,stop.jsp?sid=36041
長元西街口,stop.jsp?sid=36042
正義重新路口,stop.jsp?sid=36043
天台廣場,stop.jsp?sid=36044
大同路口,stop.jsp?sid=36045
中山藝術公園,stop.jsp?sid=36046
捷運菜寮站,stop.jsp?sid=218023
過圳街,stop.jsp?sid=36047
三重區公所(過圳街),stop.jsp?sid=36048
三重稅捐分處,stop.jsp?sid=36049
菜寮(重陽路),stop.jsp?sid=36050
集美國小,stop.jsp?sid=36051
三重國民運動中心,stop.jsp?sid=36052
三重中學,stop.jsp?sid=36053
重安街口,stop.jsp?sid=36054
臺北車站(忠孝),stop.jsp?sid=36055
捷運善導寺站,stop.jsp?sid=36056
華山文創園區,stop.jsp?sid=36057
忠孝國小,stop.jsp?sid=36058
臺北科技大學(忠孝),stop.jsp?sid=36059
正義郵局,stop.jsp?sid=36060
懷生國中,stop.jsp?sid=36061
頂好市場,stop.jsp?sid=36063
捷運忠孝敦化站,stop.jsp?sid=36064
阿波羅大廈,stop.jsp?sid=36065
交通部觀光署,stop.jsp?sid=36066
捷運國父紀念館站(忠孝),stop.jsp?sid=36067
聯合報,stop.jsp?sid=36068
捷運市政府站,stop.jsp?sid=36069
市立工農,stop.jsp?sid=36070
捷運永春站(忠孝),stop.jsp?sid=36071
捷運永春站(松山),stop.jsp?sid=36072
雙永國小,stop.jsp?sid=36073
永吉松山路口,stop.jsp?sid=36074
松山車站(松山),stop.jsp?sid=36075
蘆洲總站,stop.jsp?sid=36021
王爺廟口,stop.jsp?sid=36022
空中大學(中正路),stop.jsp?sid=36023
中原公寓,stop.jsp?sid=36024
蘆洲國小,stop.jsp?sid=36025
蘆洲監理站,stop.jsp?sid=36026
蘆洲派出所,stop.jsp?sid=36027
溪墘,stop.jsp?sid=36028
捷運徐匯中學站,stop.jsp?sid=36029
徐匯中學,stop.jsp?sid=36030
幸福市場,stop.jsp?sid=36031
建和新村,stop.jsp?sid=36032
捷運三和國中站,stop.jsp?sid=129828
三和國中,stop.jsp?sid=36033
格致中學(三和路),stop.jsp?sid=36034
厚德派出所,stop.jsp?sid=36036
德林寺(三和路),stop.jsp?sid=36038
龍門路口,stop.jsp?sid=36039
三安里,stop.jsp?sid=36040
長壽西街口,stop.jsp?sid=36041
長元西街口,stop.jsp?sid=36042
正義重新路口,stop.jsp?sid=36043
天台廣場,stop.jsp?sid=36044
大同路口,stop.jsp?sid=36045
中山藝術公園,stop.jsp?sid=36046
捷運菜寮站,stop.jsp?sid=218023
過圳街,stop.jsp?sid=36047
三重區公所(過圳街),stop.jsp?sid=36048
三重稅捐分處,stop.jsp?sid=36049
菜寮(重陽路),stop.jsp?sid=36050
集美國小,stop.jsp?sid=36051
三重國民運動中心,stop.jsp?sid=36052
三重中學,stop.jsp?sid=36053
重安街口,stop.jsp?sid=36054
臺北車站(忠孝),stop.jsp?sid=36055
捷運善導寺站,stop.jsp?sid=36056
華山文創園區,stop.jsp?sid=36057
忠孝國小,stop.jsp?sid=36058
臺北科技大學(忠孝),stop.jsp?sid=36059
正義郵局,stop.jsp?sid=36060
懷生國中,stop.jsp?sid=36061
頂好市場,stop.jsp?sid=36063
捷運忠孝敦化站,stop.jsp?sid=36064
阿波羅大廈,stop.jsp?sid=36065
交通部觀光署,stop.jsp?sid=36066
捷運國父紀念館站(忠孝),stop.jsp?sid=36067
聯合報,stop.jsp?sid=36068
捷運市政府站,stop.jsp?sid=36069
市立工農,stop.jsp?sid=36070
捷運永春站(忠孝),stop.jsp?sid=36071
捷運永春站(松山),stop.jsp?sid=36072
雙永國小,stop.jsp?sid=36073
永吉松山路口,stop.jsp?sid=36074
松山車站(松山),stop.jsp?sid=36075
